,year,b_prod_lbs,ind_prod_lbs,col_production_lbs,e_prod_lbs
29,2019,128063567.94,25152473.500000004,31020260.040000007,16155552.38
